{"cameraMode":{"drawMode":0,"name":"Shaded","section":"Shading Mode"},"sceneLighting":true,"audioPlay":false,"sceneViewState":{"showFog":false,"showMaterialUpdate":false,"showSkybox":false,"showFlares":false,"showImageEffects":false,"showParticleSystems":false},"in2DMode":false,"pivot":{"x":0.32290399074554446,"y":0.00595856411382556,"z":0.24397079646587373},"rotation":{"x":-0.2972885072231293,"y":-0.37434887886047366,"z":0.1283091902732849,"w":-0.8690156936645508},"size":1.8225312232971192,"orthographic":false}