{"cameraMode":{"drawMode":0,"name":"Shaded","section":"Shading Mode"},"sceneLighting":true,"audioPlay":false,"sceneViewState":{"showFog":false,"showMaterialUpdate":false,"showSkybox":false,"showFlares":false,"showImageEffects":false,"showParticleSystems":false},"in2DMode":false,"pivot":{"x":1.0245476961135865,"y":-0.19863328337669373,"z":-0.728808581829071},"rotation":{"x":-0.2972885072231293,"y":-0.37434887886047366,"z":0.1283091902732849,"w":-0.8690156936645508},"size":0.6225312948226929,"orthographic":false}