{"cameraMode":{"drawMode":0,"name":"Shaded","section":"Shading Mode"},"sceneLighting":true,"audioPlay":false,"sceneViewState":{"showFog":false,"showMaterialUpdate":false,"showSkybox":false,"showFlares":false,"showImageEffects":false,"showParticleSystems":false},"in2DMode":false,"pivot":{"x":0.26471391320228579,"y":0.09437337517738342,"z":-0.5879260301589966},"rotation":{"x":0.24227280914783479,"y":0.2650992274284363,"z":-0.06927734613418579,"w":0.9307962656021118},"size":0.04523444175720215,"orthographic":false}