{"cameraMode":{"drawMode":0,"name":"Shaded","section":"Shading Mode"},"sceneLighting":true,"audioPlay":false,"sceneViewState":{"showFog":false,"showMaterialUpdate":false,"showSkybox":false,"showFlares":false,"showImageEffects":false,"showParticleSystems":false},"in2DMode":false,"pivot":{"x":0.32679739594459536,"y":-0.0016959309577941895,"z":-0.4578080177307129},"rotation":{"x":-0.46982789039611819,"y":-0.13956166803836823,"z":0.07541326433420181,"w":-0.8684101104736328},"size":0.3073950409889221,"orthographic":false}